PLAYER_ID,PLAYER_NAME,NICKNAME,TEAM_ID,TEAM_ABBREVIATION,AGE,GP,W,L,W_PCT,MIN,FGM,FGA,FG_PCT,FG3M,FG3A,FG3_PCT,FTM,FTA,FT_PCT,OREB,DREB,REB,AST,TOV,STL,BLK,BLKA,PF,PFD,PTS,PLUS_MINUS,NBA_FANTASY_PTS,DD2,TD3,WNBA_FANTASY_PTS,GP_RANK,W_RANK,L_RANK,W_PCT_RANK,MIN_RANK,FGM_RANK,FGA_RANK,FG_PCT_RANK,FG3M_RANK,FG3A_RANK,FG3_PCT_RANK,FTM_RANK,FTA_RANK,FT_PCT_RANK,OREB_RANK,DREB_RANK,REB_RANK,AST_RANK,TOV_RANK,STL_RANK,BLK_RANK,BLKA_RANK,PF_RANK,PFD_RANK,PTS_RANK,PLUS_MINUS_RANK,NBA_FANTASY_PTS_RANK,DD2_RANK,TD3_RANK,WNBA_FANTASY_PTS_RANK,TEAM_COUNT
1628932,A'ja Wilson,A'ja,1611661319,LVA,24.0,22,18,4,0.818,31.7,7.5,15.7,0.48,0.0,0.0,0.0,5.4,6.9,0.781,1.5,7.0,8.5,2.0,1.6,1.2,2.0,1.0,2.2,5.1,20.5,8.1,41.9,7,0,37.5,1,1,107,9,10,2,3,41,115,128,115,2,1,76,19,6,7,55,54,26,1,2,45,2,2,5,1,4,1,2,1
1627672,Aerial Powers,Aerial,1611661322,WAS,27.0,6,3,3,0.5,29.8,5.3,11.5,0.464,1.5,4.3,0.346,4.2,5.0,0.833,0.3,4.5,4.8,2.5,1.8,1.5,0.0,0.3,2.7,4.2,16.3,7.2,28.6,0,0,28.2,135,118,130,67,23,22,23,49,19,19,53,8,8,49,102,19,31,38,41,13,122,63,20,10,13,7,18,35,1,17,1
1628268,Alaina Coates,Alaina,1611661322,WAS,26.0,20,8,12,0.4,9.9,0.9,1.7,0.529,0.0,0.0,0.0,0.7,1.3,0.538,1.0,1.8,2.8,0.5,0.6,0.4,0.2,0.4,1.7,1.3,2.5,-1.2,7.5,0,0,6.8,66,71,35,92,122,128,133,16,115,128,115,95,75,130,42,85,72,123,118,111,77,62,82,75,128,86,118,35,1,122,1
1629501,Alanna Smith,Alanna,1611661317,PHO,24.0,19,12,7,0.632,15.6,2.3,5.4,0.422,0.5,2.3,0.233,1.1,1.5,0.69,1.1,2.5,3.6,1.2,0.9,0.3,0.8,0.3,2.5,1.7,6.1,3.9,14.5,0,0,13.6,78,35,81,46,93,82,80,83,80,59,100,70,63,107,36,57,47,84,91,122,20,77,34,61,81,21,73,35,1,74,1
1628283,Alexis Jones,Alexis,1611661330,ATL,27.0,6,1,5,0.167,8.8,1.3,3.5,0.381,1.2,3.2,0.368,0.2,0.3,0.5,0.0,0.0,0.0,0.8,1.0,0.5,0.0,0.2,0.5,0.7,4.0,-1.5,5.8,0,0,7.0,135,134,101,132,127,109,111,105,33,35,41,133,129,132,139,143,143,102,81,93,122,109,139,110,104,91,127,35,1,120,1
1628297,Alexis Prince,Alexis,1611661329,CHI,27.0,2,1,1,0.5,8.0,1.5,2.5,0.6,1.0,1.5,0.667,0.0,0.0,0.0,1.0,0.5,1.5,0.0,0.0,0.0,0.5,0.0,0.5,0.5,4.0,-5.0,7.3,0,0,7.5,142,134,138,67,132,103,123,6,40,85,2,139,139,139,42,135,115,140,143,137,27,136,139,125,104,124,120,35,1,118,1
1627704,Alisia Jenkins,Alisia,1611661317,PHO,27.0,5,1,4,0.2,5.5,0.4,1.6,0.25,0.0,0.6,0.0,0.8,1.2,0.667,0.0,0.8,0.8,0.0,0.6,0.0,0.0,0.2,0.6,0.6,1.6,-1.6,2.0,0,0,2.4,138,134,107,129,140,138,134,140,115,106,115,85,81,109,139,128,136,140,118,137,122,99,136,115,135,95,140,35,1,140,3
201516,Allie Quigley,Allie,1611661329,CHI,35.0,22,12,10,0.545,28.7,5.9,13.1,0.448,2.1,6.0,0.346,1.5,1.7,0.919,0.3,2.6,2.9,2.3,1.3,0.6,0.3,0.3,1.4,2.0,15.4,1.7,23.7,0,0,24.5,1,35,51,58,26,15,12,63,6,6,54,48,56,13,112,52,65,49,65,78,62,70,98,54,18,47,43,35,1,34,1
1628277,Allisha Gray,Allisha,1611661321,DAL,26.0,20,7,13,0.35,26.2,4.6,9.8,0.464,1.3,3.6,0.352,2.7,3.3,0.831,1.4,2.9,4.2,1.3,1.1,1.1,0.3,0.6,1.9,2.5,13.1,0.7,23.1,0,0,22.6,66,82,30,100,40,35,34,48,27,27,49,29,28,54,29,45,39,81,78,36,57,21,68,43,31,61,44,35,1,40,1
202252,Alysha Clark,Alysha,1611661328,SEA,33.0,22,18,4,0.818,28.8,3.7,6.7,0.558,1.6,3.0,0.522,0.9,1.1,0.8,0.9,3.4,4.2,2.7,0.9,1.5,0.5,0.1,1.7,1.5,10.0,11.9,24.2,0,0,22.5,1,1,107,9,25,48,58,10,18,37,6,77,85,69,52,36,38,34,97,13,27,126,76,64,50,1,40,35,1,42,1
203826,Alyssa Thomas,Alyssa,1611661323,CON,29.0,21,10,11,0.476,32.8,5.8,11.6,0.5,0.0,0.0,0.0,3.9,5.6,0.686,1.9,7.2,9.0,4.8,2.5,2.0,0.3,0.7,2.8,4.6,15.5,2.7,37.9,7,0,33.9,50,53,42,75,5,16,22,25,115,125,115,11,5,108,11,5,3,7,17,1,58,13,17,6,16,36,4,4,1,7,1
204320,Amanda Zahui B,Amanda,1611661313,NYL,27.0,21,2,19,0.095,25.3,3.1,8.8,0.353,1.6,4.8,0.34,1.2,1.7,0.694,0.7,7.8,8.5,1.9,2.6,0.9,1.2,0.3,3.1,1.9,9.0,-6.7,25.9,3,0,25.3,50,124,4,138,49,57,42,118,16,14,59,62,54,105,65,2,9,60,13,49,8,63,5,58,55,134,31,17,1,32,1
201881,Angel McCoughtry,Angel,1611661319,LVA,34.0,22,18,4,0.818,20.0,5.3,10.3,0.518,0.7,1.5,0.471,3.0,3.5,0.882,1.7,3.4,5.1,2.5,1.7,1.3,0.3,0.5,2.2,3.7,14.4,6.7,27.2,1,0,25.9,1,1,107,9,70,23,30,20,67,84,13,20,21,26,13,35,29,41,45,22,62,29,45,17,25,8,24,26,1,29,1
1628878,Ariel Atkins,Ariel,1611661322,WAS,24.0,22,9,13,0.409,31.0,5.0,11.4,0.438,2.0,4.9,0.411,2.8,3.2,0.886,0.8,2.1,2.9,2.4,1.9,1.8,0.3,0.2,2.6,3.7,14.8,1.6,26.2,0,0,26.2,1,60,30,89,13,29,25,68,10,10,25,24,29,25,54,70,64,45,38,4,62,104,21,18,19,48,30,35,1,26,1
1629481,Arike Ogunbowale,Arike,1611661321,DAL,24.0,22,8,14,0.364,34.0,7.9,19.1,0.412,2.2,6.5,0.336,4.9,5.7,0.856,0.5,2.3,2.8,3.4,2.0,1.5,0.0,0.8,2.4,4.5,22.8,-1.2,33.8,0,0,34.2,1,71,21,96,2,1,1,91,4,4,61,4,3,40,90,61,71,21,31,11,122,9,36,7,1,88,10,35,1,6,1
203838,Astou Ndour-Fall,Astou,1611661321,DAL,26.0,13,4,9,0.308,11.6,1.5,4.4,0.351,0.5,1.9,0.24,0.0,0.0,0.0,1.0,1.9,2.9,0.5,0.5,0.2,0.5,0.2,2.2,0.2,3.5,-6.0,9.4,0,0,8.8,109,112,61,114,115,102,97,120,85,71,93,139,139,139,42,75,62,121,126,124,32,92,44,138,112,130,106,35,1,106,1
203069,Avery Warley-Talbert,Avery,1611661319,LVA,34.0,3,1,2,0.333,8.1,1.0,2.3,0.429,0.0,0.0,0.0,0.7,1.0,0.667,1.7,1.0,2.7,1.0,0.7,0.0,0.0,0.7,2.0,2.3,2.7,-0.7,6.7,0,0,6.3,140,134,135,101,131,124,124,74,115,128,115,97,93,109,16,118,74,92,115,137,122,14,55,44,125,78,123,35,1,124,1
1628922,Azurá Stevens,Azurá,1611661329,CHI,25.0,13,9,4,0.692,27.3,4.5,9.1,0.5,1.2,3.0,0.385,1.3,1.5,0.85,1.4,4.5,5.9,1.5,1.5,0.9,1.8,0.4,3.0,1.8,11.5,2.6,27.7,2,0,25.7,109,60,107,31,34,36,39,25,34,38,35,55,59,44,28,18,21,68,58,45,3,54,8,59,39,37,21,22,1,31,1
1629492,Beatrice Mompremier,Beatrice,1611661323,CON,24.0,21,10,11,0.476,8.9,1.0,2.2,0.426,0.0,0.0,0.0,0.4,0.9,0.444,1.5,1.8,3.3,0.1,0.7,0.2,0.6,0.4,1.3,0.7,2.3,-0.8,8.4,0,0,7.5,50,53,42,75,126,127,129,77,115,128,115,118,102,137,22,81,53,136,115,123,24,56,101,110,132,79,113,35,1,119,1
1630093,Bella Alarie,Bella,1611661321,DAL,23.0,22,8,14,0.364,14.0,1.1,3.0,0.364,0.0,0.6,0.077,0.5,0.5,0.833,1.0,1.8,2.9,0.5,0.5,0.6,0.9,0.2,1.6,0.6,2.7,-1.2,10.9,0,0,9.1,1,71,21,96,103,119,117,111,113,107,114,112,115,49,41,80,65,117,127,78,16,104,84,117,124,89,98,35,1,103,1
204335,Betnijah Laney-Hamilton,Betnijah,1611661330,ATL,27.0,22,7,15,0.318,33.3,6.5,13.5,0.481,1.4,3.4,0.405,2.8,3.4,0.827,1.1,3.8,4.9,4.0,3.0,1.6,0.1,0.5,2.5,3.3,17.2,-4.1,31.0,4,0,30.7,1,82,16,107,3,9,10,40,23,29,27,24,24,59,38,29,30,15,4,10,104,42,29,25,11,118,13,11,1,12,1
204355,Blake Dietrick,Blake,1611661330,ATL,27.0,22,7,15,0.318,21.1,2.2,4.7,0.471,1.2,2.6,0.448,0.2,0.4,0.625,0.4,1.3,1.6,3.4,1.8,0.8,0.1,0.1,1.9,0.5,5.9,-3.5,14.0,0,0,14.0,1,82,16,107,65,84,91,45,30,50,18,130,126,119,98,110,113,21,43,57,90,114,67,129,84,113,74,35,1,72,1
1627668,Breanna Stewart,Breanna,1611661328,SEA,26.0,20,17,3,0.85,30.4,6.7,14.8,0.451,1.8,4.8,0.368,4.7,5.2,0.894,1.0,7.3,8.3,3.6,2.5,1.7,1.3,0.6,2.3,4.0,19.7,10.1,41.4,5,0,39.2,66,16,130,7,18,7,5,58,15,15,41,6,7,21,42,4,10,17,15,9,6,21,43,12,4,3,2,7,1,1,1
203829,Bria Hartley,Bria,1611661317,PHO,28.0,13,7,6,0.538,24.8,5.1,12.1,0.42,1.9,5.0,0.385,2.5,3.2,0.805,0.4,2.5,2.9,4.5,2.1,1.2,0.0,0.5,2.5,2.7,14.6,0.2,26.2,0,0,26.2,109,82,89,63,52,27,18,85,12,9,35,32,30,68,97,56,62,11,30,31,122,39,31,36,22,65,28,35,1,25,1
1627678,Bria Holmes,Bria,1611661323,CON,27.0,18,8,10,0.444,16.2,1.9,5.4,0.357,0.6,1.7,0.333,0.4,0.7,0.667,0.7,1.1,1.8,1.1,1.0,0.7,0.3,0.3,0.9,0.5,4.9,-4.2,10.8,0,0,10.4,86,71,51,84,91,90,79,115,78,79,62,113,110,109,64,116,104,89,81,65,61,63,127,125,97,119,100,35,1,98,1
201896,Briann January,Briann,1611661323,CON,34.0,13,8,5,0.615,23.3,1.7,5.8,0.293,0.8,2.3,0.367,0.8,0.9,0.833,0.3,0.9,1.2,3.4,1.2,0.6,0.2,0.1,1.9,2.1,5.0,6.2,12.7,0,0,12.0,109,71,101,49,57,97,75,134,55,58,43,91,99,49,107,119,123,23,74,85,86,129,65,51,93,10,81,35,1,84,1
1629488,Brianna Turner,Brianna,1611661317,PHO,24.0,22,13,9,0.591,27.9,3.0,5.2,0.579,0.0,0.0,0.0,1.2,1.9,0.643,2.6,6.4,9.0,1.8,1.4,1.1,2.0,0.5,3.0,2.0,7.2,1.3,28.4,4,0,24.1,1,29,61,52,30,60,83,7,115,127,115,61,47,115,6,8,5,62,61,38,2,23,8,54,66,54,20,11,1,35,1
1629524,Bridget Carleton,Bridget,1611661324,MIN,24.0,22,14,8,0.636,25.8,2.4,4.6,0.52,1.0,2.1,0.457,0.8,1.3,0.643,1.0,2.5,3.5,2.5,1.2,0.7,0.0,0.3,1.8,1.5,6.6,2.9,15.3,0,0,14.9,1,21,69,43,45,78,93,19,44,67,17,84,77,115,42,54,48,41,69,67,122,70,70,64,74,32,70,35,1,68,1
1628280,Brionna Jones,Brionna,1611661323,CON,25.0,21,9,12,0.429,26.1,4.7,7.7,0.605,0.0,0.0,1.0,1.8,2.6,0.691,2.8,2.8,5.6,1.0,1.6,1.7,0.7,0.5,3.1,2.2,11.2,3.0,24.8,2,0,22.5,50,60,35,86,43,33,51,4,112,125,1,46,41,106,3,48,24,92,53,8,22,28,5,46,41,29,34,22,1,41,1
1630095,Brittany Brewer,Brittany,1611661330,ATL,23.0,5,1,4,0.2,6.5,0.4,0.6,0.667,0.0,0.0,0.0,0.0,0.0,0.0,0.2,0.8,1.0,0.0,0.4,0.6,0.8,0.0,0.8,0.2,0.8,-1.8,5.8,0,0,4.6,138,134,107,129,134,138,141,2,115,128,115,139,139,139,120,128,131,140,135,86,18,136,133,140,141,97,126,35,1,132,1
203398,Brittney Griner,Brittney,1611661317,PHO,30.0,12,6,6,0.5,31.8,7.3,14.6,0.497,0.0,0.1,0.0,3.2,3.9,0.809,1.5,6.0,7.5,3.0,2.5,0.3,1.8,0.5,2.5,4.5,17.7,2.3,35.2,1,0,32.5,119,93,89,67,8,3,6,28,115,124,115,18,17,66,23,11,13,29,15,113,4,29,32,8,9,40,7,26,1,10,1
1628279,Brittney Sykes,Brittney,1611661320,LAS,27.0,21,14,7,0.667,24.4,3.5,7.1,0.487,0.8,2.3,0.327,2.4,3.0,0.806,0.8,1.8,2.6,2.1,1.7,1.5,0.3,0.3,3.0,3.3,10.1,4.1,20.0,0,0,19.1,50,21,81,36,53,50,57,39,62,55,74,33,35,67,60,81,76,52,49,17,58,83,11,24,49,20,55,35,1,56,1
201496,Candace Parker,Candace,1611661320,LAS,35.0,22,15,7,0.682,30.0,5.6,11.0,0.51,0.9,2.2,0.396,2.6,3.5,0.731,1.7,8.0,9.7,4.6,2.9,1.2,1.2,0.3,2.3,3.4,14.7,4.7,37.6,10,0,34.7,1,18,81,34,20,18,29,22,53,63,30,30,19,94,13,1,1,8,5,28,9,87,38,23,21,17,6,1,1,5,1
200676,Candice Dupree,Candice,1611661325,IND,36.0,22,6,16,0.273,30.2,5.3,11.4,0.462,0.1,0.8,0.167,1.9,2.2,0.854,1.2,4.5,5.7,2.5,1.3,0.7,0.4,0.4,1.2,2.1,12.5,-7.3,25.3,0,0,23.1,1,93,10,120,19,25,25,51,107,103,108,43,46,42,32,21,22,38,65,63,37,59,105,49,36,139,33,35,1,37,1
202670,Carolyn Swords,Carolyn,1611661319,LVA,31.0,22,18,4,0.818,17.4,1.0,2.3,0.46,0.0,0.0,0.0,0.8,1.0,0.773,1.5,3.1,4.6,0.9,0.8,0.2,0.1,0.2,1.0,0.7,2.9,3.9,9.9,0,0,9.0,1,1,107,9,84,123,127,53,115,128,115,90,93,79,23,40,34,97,101,125,104,93,123,109,121,23,102,35,1,104,1
203833,Chelsea Gray,Chelsea,1611661320,LAS,28.0,22,15,7,0.682,30.6,5.5,12.5,0.442,0.8,2.7,0.305,2.1,2.2,0.939,0.7,3.0,3.7,5.3,2.7,1.5,0.1,0.3,1.7,2.2,14.0,4.5,28.5,0,0,27.0,1,18,81,34,15,20,13,67,57,47,79,42,45,9,69,43,45,5,8,11,104,70,76,48,26,19,19,35,1,20,1
1630150,Chennedy Carter,Chennedy,1611661330,ATL,22.0,16,6,10,0.375,25.4,6.6,14.0,0.473,0.8,2.0,0.375,3.4,4.2,0.821,0.5,1.8,2.3,3.4,2.7,0.9,0.3,1.0,3.6,4.1,17.4,-5.3,26.2,0,0,26.3,101,93,51,95,47,8,7,43,63,68,39,14,12,61,84,85,92,20,10,50,56,2,1,11,10,127,29,35,1,24,1
204323,Cheyenne Parker-Tyus,Cheyenne,1611661329,CHI,28.0,20,10,10,0.5,24.9,4.9,8.8,0.554,0.8,1.6,0.469,3.0,3.5,0.855,2.4,4.1,6.4,1.5,2.8,1.3,0.9,1.0,3.2,3.7,13.4,2.2,27.2,3,0,26.5,66,53,51,67,50,32,43,11,63,80,15,21,23,41,9,27,19,71,7,24,13,6,3,20,29,43,25,17,1,23,1
204332,Cierra Burdick,Cierra,1611661319,LVA,27.0,13,12,1,0.923,2.2,0.2,0.5,0.286,0.0,0.0,0.0,0.0,0.0,0.0,0.1,0.3,0.4,0.2,0.1,0.0,0.0,0.0,0.2,0.1,0.3,-1.5,0.9,0,0,0.8,109,35,138,2,142,142,142,135,115,128,115,139,139,139,135,141,142,134,142,137,122,136,143,142,142,90,142,35,1,142,1
202664,Courtney Vandersloot,Courtney,1611661329,CHI,32.0,22,12,10,0.545,31.5,4.9,9.9,0.491,1.4,3.5,0.395,2.5,2.9,0.889,0.5,3.0,3.5,10.0,2.5,1.2,0.4,0.3,2.1,3.2,13.6,6.3,35.0,9,0,31.6,1,35,51,58,11,31,32,35,23,28,31,31,36,23,84,43,50,1,18,28,44,70,50,27,28,9,8,3,1,11,1
1627675,Courtney Williams,Courtney,1611661330,ATL,27.0,20,6,14,0.3,30.5,6.7,15.4,0.436,0.4,1.7,0.235,0.8,1.2,0.696,1.9,5.3,7.2,3.2,2.7,0.7,0.1,0.5,2.0,1.3,14.6,-5.4,27.5,4,0,26.8,66,93,21,116,17,6,4,69,87,77,96,85,84,104,12,15,15,27,9,74,99,29,62,73,23,129,23,11,1,22,1
1630101,Crystal Dangerfield,Crystal,1611661324,MIN,23.0,21,13,8,0.619,30.0,5.9,12.5,0.471,1.6,4.9,0.333,2.8,3.0,0.922,0.2,1.7,2.0,3.6,2.5,0.9,0.0,0.3,1.5,2.6,16.2,3.0,24.1,0,0,25.2,50,29,69,47,21,14,14,44,16,12,62,27,31,11,115,90,99,18,14,52,118,63,91,40,14,31,41,35,1,33,1
201518,Crystal Langhorne,Crystal,1611661328,SEA,34.0,13,11,2,0.846,8.2,0.5,1.3,0.412,0.1,0.4,0.2,0.2,0.5,0.5,0.2,1.9,2.2,0.5,0.8,0.1,0.1,0.1,0.5,0.5,1.4,-1.1,4.3,0,0,4.4,109,46,135,8,130,133,137,92,109,115,104,129,121,132,116,75,94,121,99,136,111,129,138,121,139,83,135,35,1,135,1
203024,Damiris Dantas,Damiris,1611661324,MIN,28.0,22,14,8,0.636,26.6,4.6,10.0,0.464,1.8,4.1,0.433,1.8,2.5,0.727,1.7,4.4,6.1,2.6,1.8,1.1,0.2,0.5,2.5,2.7,12.9,2.2,26.4,1,0,26.1,1,21,69,43,36,34,31,50,13,23,19,45,44,96,13,22,20,35,43,33,71,23,29,37,34,41,26,26,1,28,1
202658,Danielle Robinson,Danielle,1611661319,LVA,32.0,22,18,4,0.818,22.4,2.8,5.5,0.512,0.2,0.6,0.385,1.5,1.9,0.81,0.2,2.2,2.4,3.3,1.3,0.9,0.1,0.3,1.7,2.1,7.4,5.8,16.8,0,0,15.2,1,1,107,9,59,61,78,21,99,107,35,48,47,65,118,68,82,25,65,51,104,70,76,50,63,12,63,35,1,67,1
201886,DeWanna Bonner,DeWanna,1611661323,CON,33.0,22,10,12,0.455,33.3,6.7,16.0,0.422,1.2,4.9,0.252,5.0,5.6,0.895,1.5,6.3,7.8,3.0,2.4,1.7,0.5,0.5,2.1,4.9,19.7,2.8,37.9,5,0,36.2,1,53,35,81,4,5,2,82,29,10,90,3,4,20,19,9,11,30,23,6,26,23,49,3,3,33,5,7,1,3,1
204324,Dearica Hamby,Dearica,1611661319,LVA,27.0,22,18,4,0.818,28.3,5.0,9.3,0.539,0.8,1.7,0.474,2.2,3.0,0.716,1.3,5.9,7.1,2.7,2.0,1.7,0.2,1.1,2.3,2.7,13.0,5.9,29.2,4,0,27.4,1,1,107,9,27,29,37,12,57,75,10,40,32,97,30,12,16,33,31,6,81,1,40,37,32,11,16,11,1,19,1
1628890,Diamond DeShields,Diamond,1611661329,CHI,26.0,13,9,4,0.692,17.2,2.8,6.4,0.434,0.2,1.4,0.167,1.1,1.4,0.778,0.2,1.5,1.8,1.5,2.3,0.9,0.1,0.4,2.1,1.4,6.8,-0.4,12.0,0,0,12.4,109,60,107,31,86,67,63,71,98,91,108,69,68,77,116,99,107,68,25,45,111,54,52,71,71,72,88,35,1,81,1
100940,Diana Taurasi,Diana,1611661317,PHO,39.0,19,11,8,0.579,28.1,5.1,12.4,0.409,3.2,8.8,0.365,5.4,5.9,0.912,0.1,4.1,4.2,4.5,2.3,1.0,0.4,0.2,2.7,5.4,18.7,0.7,32.5,2,0,33.5,78,46,69,55,29,28,15,94,1,1,45,1,2,16,131,26,40,9,24,41,35,111,18,1,5,59,11,22,1,8,1
204322,Elizabeth Williams,Elizabeth,1611661330,ATL,28.0,22,7,15,0.318,29.2,4.0,8.1,0.489,0.0,0.0,0.0,2.2,3.0,0.742,2.2,3.5,5.7,1.4,1.1,0.8,1.4,1.0,2.6,3.0,10.1,-4.3,24.3,3,0,21.5,1,82,16,107,24,42,48,37,115,128,115,38,34,88,10,34,22,74,76,60,5,5,23,32,48,120,39,17,1,45,1
1628242,Emma Cannon,Emma,1611661319,LVA,32.0,1,1,0,1.0,0.4,0.0,0.0,0.0,0.0,0.0,0.0,0.0,0.0,0.0,0.0,0.0,0.0,0.0,0.0,0.0,0.0,0.0,0.0,0.0,0.0,0.0,0.0,0,0,0.0,145,134,145,1,145,143,144,143,115,128,115,139,139,139,139,143,143,140,143,137,122,136,144,143,143,66,144,35,1,144,1
203416,Emma Meesseman,Emma,1611661322,WAS,28.0,20,9,11,0.45,31.7,5.5,12.0,0.454,0.7,2.3,0.289,1.5,1.8,0.829,1.7,3.7,5.3,4.5,2.0,1.2,0.8,0.2,1.8,2.2,13.0,-0.5,30.1,3,0,27.5,66,60,42,83,9,21,19,55,71,60,83,52,53,56,17,32,27,10,33,27,18,99,74,47,32,75,14,17,1,18,1
202259,Epiphanny Prince,Epiphanny,1611661328,SEA,33.0,15,11,4,0.733,12.7,1.5,3.8,0.386,0.6,1.8,0.333,0.7,0.9,0.846,0.1,1.1,1.2,1.4,0.8,0.4,0.1,0.1,1.5,0.8,4.3,0.6,8.6,0,0,8.5,105,46,107,26,109,104,105,102,74,74,62,93,100,46,136,115,125,76,102,103,93,117,92,102,102,62,112,35,1,110,1
1628286,Erica McCall,Erica,1611661324,MIN,25.0,20,13,7,0.65,9.2,0.8,2.3,0.356,0.1,0.2,0.25,0.9,1.1,0.818,1.2,1.3,2.5,0.2,0.5,0.3,0.4,0.1,1.2,0.8,2.6,1.5,7.2,0,0,6.5,66,29,81,39,125,130,128,116,110,118,91,79,88,62,34,109,81,135,128,121,51,123,107,102,127,50,121,35,1,123,2
201502,Essence Carson,Essence,1611661323,CON,34.0,21,9,12,0.429,13.8,1.4,4.7,0.303,0.6,2.1,0.273,0.3,0.5,0.6,0.3,1.3,1.7,0.6,0.8,0.4,0.1,0.3,1.0,0.6,3.7,-4.3,7.4,0,0,7.6,50,60,35,86,105,106,92,131,75,66,85,123,118,122,102,106,112,115,104,101,102,83,116,119,109,122,119,35,1,117,2
1629496,Ezi Magbegor,Ezi,1611661328,SEA,21.0,22,18,4,0.818,13.3,2.8,5.0,0.569,0.0,0.1,0.333,0.9,1.2,0.704,1.1,1.3,2.5,0.3,0.4,0.5,0.7,0.4,2.0,1.0,6.5,3.0,13.4,0,0,11.9,1,1,107,9,107,61,84,9,113,120,62,82,79,102,35,108,80,126,134,89,21,59,58,87,75,29,76,35,1,86,1
1628931,Gabby Williams,Gabby,1611661329,CHI,24.0,22,12,10,0.545,24.8,3.0,7.2,0.424,0.9,3.2,0.286,0.7,1.1,0.64,0.9,3.1,4.0,2.0,1.7,1.3,0.2,0.3,1.5,1.3,7.7,-0.5,18.5,0,0,17.7,1,35,51,58,51,59,56,81,46,34,84,94,85,117,49,41,42,56,50,22,71,87,93,74,62,73,59,35,1,60,1
203017,Glory Johnson,Glory,1611661330,ATL,30.0,18,5,13,0.278,15.1,1.7,4.6,0.373,0.6,2.3,0.262,0.7,1.3,0.5,0.4,3.3,3.7,0.6,0.7,0.8,0.4,0.2,1.5,1.1,4.7,-2.7,13.1,0,0,12.1,86,105,30,119,95,96,95,107,73,55,87,97,71,132,96,37,44,112,108,55,40,109,90,83,99,108,78,35,1,83,1
204330,Isabelle Harrison,Isabelle,1611661321,DAL,27.0,13,5,8,0.385,19.9,2.6,5.8,0.447,0.0,0.2,0.0,1.2,1.5,0.789,1.5,3.2,4.6,1.4,1.4,0.7,0.4,0.5,2.5,1.7,6.4,-0.5,15.8,1,0,14.5,109,105,69,94,72,70,70,64,115,117,115,64,65,74,25,38,35,77,64,66,41,39,35,60,78,76,68,26,1,70,1
203043,Jacki Gemelos,Jacki,1611661322,WAS,32.0,18,7,11,0.389,12.4,1.1,3.1,0.339,0.5,1.9,0.257,0.1,0.2,0.5,0.2,0.9,1.1,0.8,0.7,0.3,0.1,0.1,1.0,0.2,2.7,-0.8,5.7,0,0,5.9,86,82,42,93,112,122,115,126,82,70,88,136,136,132,125,123,129,102,115,113,117,120,116,141,123,80,128,35,1,126,2
1629498,Jackie Young,Jackie,1611661319,LVA,23.0,22,18,4,0.818,25.8,4.2,8.6,0.492,0.1,0.6,0.231,2.4,2.8,0.852,0.8,3.5,4.3,3.0,1.6,0.7,0.1,0.5,1.8,2.5,11.0,5.6,21.4,0,0,20.0,1,1,107,9,44,37,44,33,107,107,101,34,38,43,54,33,37,28,54,67,104,42,72,41,42,13,48,35,1,55,1
202662,Jasmine Thomas,Jasmine,1611661323,CON,31.0,19,9,10,0.474,25.5,4.0,9.9,0.404,1.1,3.3,0.333,1.1,1.2,0.913,0.2,1.5,1.7,4.0,2.4,1.3,0.3,0.4,1.6,1.6,10.2,3.7,20.5,0,0,20.1,78,60,51,78,46,41,33,98,37,32,62,67,80,15,119,101,109,13,21,25,68,58,86,63,47,25,54,35,1,54,1
1630153,Jaylyn Agnew,Jaylyn,1611661330,ATL,23.0,12,4,8,0.333,6.0,0.3,1.3,0.267,0.3,1.1,0.231,0.3,0.4,0.8,0.0,0.4,0.4,0.3,0.4,0.0,0.0,0.0,0.6,0.3,1.3,-2.6,1.7,0,0,2.2,119,112,69,101,138,141,138,138,96,94,101,121,124,69,139,137,140,129,132,137,122,136,137,137,140,107,141,35,1,141,1
1630119,Jazmine Jones,Jazmine,1611661313,NYL,24.0,20,2,18,0.1,21.4,3.5,8.6,0.404,0.8,2.3,0.333,3.2,4.0,0.788,0.9,3.2,4.1,2.3,2.9,1.4,0.5,0.5,3.0,3.2,10.8,-7.4,21.7,0,0,21.6,66,124,6,136,63,51,45,100,63,60,62,19,14,75,50,39,41,51,6,20,33,29,12,29,44,140,46,35,1,44,1
204319,Jewell Loyd,Jewell,1611661328,SEA,27.0,22,18,4,0.818,27.8,5.1,11.5,0.443,1.8,4.5,0.39,3.5,4.0,0.875,0.6,1.7,2.4,3.2,1.9,1.5,0.3,0.5,1.5,3.1,15.5,8.3,26.3,0,0,26.2,1,1,107,9,31,26,23,66,13,16,33,12,14,28,74,87,85,26,38,18,62,42,87,30,17,4,27,35,1,26,1
1630139,Jocelyn Willoughby,Jocelyn,1611661313,NYL,23.0,22,2,20,0.091,17.4,1.8,5.0,0.358,0.7,1.7,0.405,1.6,1.9,0.833,0.7,1.7,2.4,0.9,1.4,0.7,0.3,0.7,2.3,1.9,5.8,-7.0,11.5,0,0,11.7,1,124,1,140,85,95,84,114,68,78,27,47,47,49,69,87,82,97,61,67,62,12,40,57,85,136,93,35,1,88,1
1628886,Jordin Canada,Jordin,1611661328,SEA,25.0,20,16,4,0.8,24.2,2.8,6.6,0.424,0.1,0.6,0.091,2.2,2.9,0.772,0.5,1.8,2.3,5.5,2.0,1.5,0.0,0.5,1.8,2.9,7.9,5.3,21.3,0,0,18.7,66,17,107,23,54,65,60,80,110,111,113,39,37,80,84,83,88,3,33,13,122,29,74,34,60,15,49,35,1,58,1
1630115,Joyner Holmes,Joyner,1611661313,NYL,23.0,19,1,18,0.053,10.0,1.2,3.8,0.306,0.2,1.5,0.107,0.5,0.6,0.75,0.8,1.9,2.7,0.7,0.7,0.1,0.1,0.2,0.7,0.5,2.9,-4.8,7.1,1,0,6.9,78,134,6,144,120,117,106,130,105,87,112,111,111,83,57,79,73,109,111,131,96,97,135,124,119,123,122,26,1,121,1
1627700,Julie Allemand,Julie,1611661325,IND,24.0,22,6,16,0.273,32.6,2.8,6.0,0.459,2.0,4.2,0.478,1.0,1.4,0.733,0.4,4.2,4.5,5.8,2.6,1.1,0.4,0.1,2.6,1.7,8.5,-8.0,24.7,0,0,24.0,1,93,10,120,6,66,68,54,10,21,9,73,69,90,98,23,36,2,12,33,37,114,23,62,56,141,35,35,1,36,1
1628273,Kaela Davis,Kaela,1611661330,ATL,26.0,2,1,1,0.5,1.2,0.0,0.0,0.0,0.0,0.0,0.0,0.0,0.0,0.0,0.0,0.0,0.0,0.0,0.0,0.0,0.0,0.0,0.0,0.0,0.0,-2.5,0.0,0,0,0.0,142,134,138,67,144,143,144,143,115,128,115,139,139,139,139,143,143,140,143,137,122,136,144,143,143,106,144,35,1,144,1
1627674,Kahleah Copper,Kahleah,1611661329,CHI,26.0,22,12,10,0.545,31.3,6.0,12.1,0.496,1.0,2.8,0.344,1.9,2.5,0.732,1.0,4.5,5.5,2.1,2.5,1.0,0.2,0.8,2.4,2.7,14.8,3.1,25.7,0,0,25.7,1,35,51,58,12,13,17,29,44,44,55,43,42,93,48,19,26,53,18,42,71,9,37,37,19,28,32,35,1,30,1
1630097,Kaila Charles,Kaila,1611661323,CON,23.0,21,10,11,0.476,17.9,1.9,4.6,0.412,0.5,1.4,0.367,1.0,1.5,0.71,1.1,1.5,2.6,0.9,0.9,0.8,0.3,0.2,2.1,1.2,5.4,-0.1,12.2,0,0,11.6,50,53,42,75,83,91,94,90,81,88,43,71,64,101,37,102,76,99,94,62,52,90,48,80,90,67,87,35,1,91,1
1629480,Kalani Brown,Kalani,1611661330,ATL,24.0,10,3,7,0.3,6.1,1.2,2.3,0.522,0.0,0.0,0.0,0.6,1.0,0.6,0.3,0.9,1.2,0.0,0.5,0.1,0.1,0.2,1.0,0.8,3.0,-1.8,4.5,0,0,4.6,125,118,81,116,137,114,125,18,115,128,115,104,93,122,108,121,125,140,123,132,99,99,116,102,118,97,133,35,1,132,1
204321,Kaleena Mosqueda-Lewis,Kaleena,1611661323,CON,27.0,16,5,11,0.313,10.2,1.2,4.0,0.297,0.8,2.9,0.255,0.3,0.4,0.571,0.1,1.3,1.3,0.3,0.4,0.2,0.1,0.3,1.1,0.5,3.4,-5.1,5.6,0,0,6.2,101,105,42,112,119,115,101,133,63,40,89,126,123,127,137,111,119,129,130,127,114,89,114,125,115,126,130,35,1,125,1
1630154,Kamiah Smalls,Kamiah,1611661325,IND,23.0,7,1,6,0.143,14.2,1.3,2.9,0.45,1.0,1.7,0.583,0.3,0.3,1.0,0.7,0.4,1.1,2.0,0.3,0.1,0.1,0.4,0.4,0.3,3.9,-2.0,8.8,0,0,8.6,132,134,89,133,101,112,119,59,40,76,4,123,132,1,65,136,127,56,139,129,87,48,141,135,106,102,107,35,1,109,1
202640,Karima Christmas-Kelly,Karima,1611661324,MIN,31.0,2,1,1,0.5,12.5,0.5,3.5,0.143,0.0,1.5,0.0,3.5,4.0,0.875,0.5,2.5,3.0,0.5,2.0,1.5,0.5,1.0,1.0,3.5,4.5,-1.5,12.9,0,0,12.0,142,134,138,67,110,135,111,142,115,85,115,12,14,28,84,58,60,117,33,13,27,2,116,22,101,91,79,35,1,84,1
1630104,Kathleen Doyle,Kathleen,1611661325,IND,23.0,18,4,14,0.222,8.6,0.6,2.3,0.244,0.3,1.2,0.238,0.1,0.2,0.5,0.2,0.7,0.8,1.1,1.0,0.4,0.0,0.1,1.4,0.6,1.5,-1.8,4.3,0,0,4.4,86,112,21,126,129,132,126,141,95,93,95,136,136,132,125,132,135,90,81,105,122,120,95,114,137,96,136,35,1,134,1
1629478,Katie Lou Samuelson,Katie Lou,1611661321,DAL,24.0,22,8,14,0.364,19.9,1.8,4.4,0.417,0.9,2.7,0.317,0.5,0.7,0.733,0.4,2.0,2.4,1.4,0.5,0.7,0.4,0.0,1.5,1.0,5.0,-1.1,12.5,0,0,11.7,1,71,21,96,71,93,98,89,53,46,75,108,109,90,98,73,82,78,121,67,44,135,93,85,93,84,83,35,1,88,1
203405,Kayla Alexander,Kayla,1611661324,MIN,30.0,16,11,5,0.688,5.6,1.0,1.9,0.533,0.0,0.0,0.0,0.3,0.5,0.625,0.6,0.4,0.9,0.2,0.4,0.1,0.2,0.3,0.9,0.4,2.3,-2.1,4.3,0,0,4.1,101,46,101,33,139,124,132,14,115,128,115,122,117,119,80,139,134,133,138,130,80,78,130,133,131,103,134,35,1,136,1
203825,Kayla McBride,Kayla,1611661319,LVA,29.0,22,18,4,0.818,26.6,4.1,9.6,0.425,1.1,3.3,0.342,3.2,3.5,0.897,0.4,1.9,2.3,2.4,1.4,1.2,0.1,0.5,1.4,2.5,12.5,4.6,21.2,0,0,20.9,1,1,107,9,37,39,35,79,35,31,57,17,19,19,95,77,87,47,61,28,104,29,100,41,37,18,50,35,1,49,1
203866,Kayla Thornton,Kayla,1611661321,DAL,28.0,22,8,14,0.364,25.3,2.5,5.8,0.425,1.1,3.3,0.347,1.3,1.5,0.875,1.5,3.7,5.1,0.8,1.1,0.9,0.2,0.1,3.0,1.5,7.3,-1.6,16.8,2,0,16.5,1,71,21,96,48,77,71,78,35,33,52,59,66,28,26,30,28,106,76,47,81,114,10,68,64,94,64,22,1,63,1
1628909,Kelsey Mitchell,Kelsey,1611661325,IND,25.0,22,6,16,0.273,32.1,6.3,14.0,0.448,2.5,6.5,0.389,2.8,3.3,0.849,0.3,1.9,2.2,2.8,2.5,0.6,0.1,0.5,2.8,3.1,17.9,-6.4,24.5,0,0,26.9,1,93,10,120,7,11,7,62,2,3,34,24,26,45,112,77,93,31,18,78,104,23,15,30,7,132,37,35,1,21,1
1629568,Kennedy Burke,Kennedy,1611661325,IND,24.0,22,6,16,0.273,18.3,2.6,5.8,0.449,0.7,2.2,0.313,1.4,1.9,0.714,0.9,0.9,1.8,1.1,1.2,0.6,0.4,0.4,1.1,1.4,7.2,-4.3,12.8,0,0,12.8,1,93,10,120,81,71,71,60,68,63,76,54,47,98,52,120,106,88,69,78,44,49,112,72,66,120,80,35,1,77,1
1628915,Kia Nurse,Kia,1611661313,NYL,25.0,21,2,19,0.095,27.5,3.2,11.9,0.273,1.5,6.2,0.238,4.2,4.9,0.864,0.5,2.3,2.9,2.3,2.2,0.5,0.2,0.8,1.8,4.6,12.2,-8.6,19.0,0,0,20.2,50,124,4,138,32,53,20,137,21,5,94,7,9,38,83,60,67,50,26,91,79,8,71,5,38,144,58,35,1,53,1
201913,Kia Vaughn,Kia,1611661317,PHO,34.0,22,13,9,0.591,18.9,2.8,5.8,0.488,0.0,0.1,0.0,0.5,0.9,0.579,1.1,2.5,3.6,1.5,1.5,0.5,0.3,0.2,1.8,0.6,6.1,-0.2,13.7,0,0,13.0,1,29,61,52,77,61,71,38,115,123,115,108,101,126,38,54,46,67,57,93,55,93,72,113,79,70,75,35,1,76,1
204329,Kiah Stokes,Kiah,1611661313,NYL,28.0,22,2,20,0.091,27.3,2.3,6.2,0.372,0.9,3.9,0.235,0.2,0.3,0.571,1.3,5.4,6.7,1.2,1.3,0.5,1.2,0.2,2.0,0.6,5.7,-8.4,19.3,0,0,17.9,1,124,1,140,33,81,66,108,46,24,96,132,131,127,30,14,18,86,65,93,10,104,54,117,86,143,57,35,1,59,1
1629506,Kiara Leslie,Kiara,1611661322,WAS,25.0,19,8,11,0.421,21.8,2.0,5.7,0.352,0.9,2.5,0.362,0.6,0.7,0.923,0.8,2.2,3.0,1.1,0.9,0.5,0.4,0.2,1.4,0.7,5.5,-0.8,12.3,0,0,12.2,78,71,42,88,61,88,76,119,51,51,46,103,108,10,57,65,60,91,91,98,43,97,97,107,88,81,86,35,1,82,1
1629485,Kristine Anigwe,Kristine,1611661320,LAS,24.0,17,11,6,0.647,11.6,1.9,3.1,0.604,0.0,0.0,0.0,0.8,1.5,0.538,1.1,1.6,2.6,0.2,0.9,0.6,0.4,0.4,1.9,1.2,4.6,1.5,10.4,0,0,9.6,94,46,89,40,114,92,114,5,115,128,115,83,60,130,40,95,75,131,93,76,36,61,64,76,100,52,101,35,1,101,1
1630131,Kylee Shook,Kylee,1611661313,NYL,23.0,20,2,18,0.1,14.5,1.6,4.0,0.405,0.2,0.9,0.176,0.7,0.9,0.824,0.8,2.1,2.8,0.6,1.0,0.4,0.5,0.7,1.3,0.8,4.1,-8.4,9.8,0,0,9.3,66,124,6,136,99,101,102,97,106,102,107,95,104,60,61,72,69,116,81,111,27,15,103,106,103,142,104,35,1,102,1
1630100,Lauren Cox,Lauren,1611661325,IND,23.0,14,3,11,0.214,13.1,1.3,3.1,0.419,0.2,0.4,0.5,0.8,1.1,0.733,0.7,2.6,3.3,1.4,0.8,0.4,0.3,0.1,1.4,0.8,3.6,1.0,10.9,0,0,9.9,108,118,42,128,108,112,116,86,102,114,7,88,90,90,65,53,56,79,103,101,58,132,96,105,110,56,99,35,1,100,1
203406,Layshia Clarendon,Layshia,1611661313,NYL,30.0,19,2,17,0.105,26.1,3.9,8.4,0.465,0.8,2.3,0.341,2.9,3.3,0.873,0.3,2.2,2.5,3.9,3.4,0.9,0.0,0.6,2.9,3.7,11.5,-7.2,19.8,0,0,20.6,78,124,9,135,42,44,46,47,61,57,58,22,27,34,106,65,78,16,2,43,122,18,13,16,40,138,56,35,1,51,1
1630127,Leaonna Odom,Leaonna,1611661313,NYL,23.0,22,2,20,0.091,20.6,2.2,4.5,0.49,0.2,0.9,0.25,0.9,1.0,0.87,1.5,0.7,2.3,0.7,0.7,0.7,0.4,0.4,1.7,1.0,5.5,-5.0,11.8,0,0,10.8,1,124,1,140,68,85,96,36,99,98,91,77,92,37,19,131,90,108,112,67,44,49,81,87,89,125,89,35,1,94,1
201507,Leilani Mitchell,Leilani,1611661322,WAS,36.0,22,9,13,0.409,30.6,3.3,8.1,0.408,1.3,4.3,0.305,1.5,1.8,0.872,0.5,2.3,2.8,5.4,1.7,0.8,0.0,0.5,2.1,2.0,9.5,-0.5,21.7,1,0,20.7,1,60,30,89,16,52,47,95,25,20,78,48,52,36,84,61,68,4,45,60,120,29,50,52,52,73,47,26,1,50,1
1628882,Lexie Brown,Lexie,1611661324,MIN,26.0,17,11,6,0.647,22.0,2.2,6.5,0.342,0.8,3.1,0.269,1.1,1.4,0.792,0.2,1.8,1.9,2.4,1.4,1.8,0.0,0.1,1.5,1.2,6.4,2.4,16.4,0,0,15.2,94,46,89,40,60,83,61,123,56,36,86,65,67,73,124,84,100,44,60,2,122,118,89,76,76,38,66,35,1,66,1
1628263,Lindsay Allen,Lindsay,1611661319,LVA,26.0,21,18,3,0.857,13.5,1.3,3.2,0.418,0.3,0.9,0.333,0.4,0.5,0.8,0.3,0.8,1.1,2.4,0.8,0.3,0.0,0.3,1.0,0.7,3.3,1.0,8.7,0,0,7.9,50,1,130,5,106,109,113,88,94,101,62,118,118,69,109,127,128,43,104,113,118,63,125,108,116,56,110,35,1,113,1
1628895,Marie Gülich,Marie,1611661320,LAS,27.0,12,8,4,0.667,9.9,1.1,2.2,0.5,0.0,0.3,0.0,0.3,0.3,1.0,0.4,1.1,1.5,0.6,0.4,0.3,0.3,0.1,1.9,0.3,2.4,-1.8,6.4,0,0,5.7,119,71,107,36,121,120,131,25,115,116,115,126,135,1,94,117,115,114,132,113,69,128,66,134,130,99,124,35,1,128,1
1629497,Marina Mabrey,Marina,1611661321,DAL,24.0,18,6,12,0.333,22.4,3.8,8.8,0.43,2.1,5.1,0.418,0.9,1.3,0.667,0.6,2.7,3.3,2.4,1.7,1.4,0.1,0.4,2.1,1.9,10.6,-1.2,20.9,0,0,21.3,86,93,35,101,58,47,41,73,5,8,24,81,71,109,76,50,57,46,48,21,94,46,53,56,45,87,51,35,1,47,1
1629484,Megan Gustafson,Megan,1611661321,DAL,24.0,9,4,5,0.444,5.3,0.4,1.6,0.286,0.0,0.1,0.0,0.7,1.0,0.667,0.7,0.6,1.2,0.1,0.2,0.0,0.1,0.4,1.0,0.9,1.6,-1.1,3.3,0,0,3.1,129,112,101,84,141,137,136,135,115,122,115,97,93,109,71,134,124,138,140,137,94,46,116,97,136,85,139,35,1,139,1
1629570,Megan Huff,Megan,1611661319,LVA,25.0,7,6,1,0.857,2.2,0.0,0.4,0.0,0.0,0.1,0.0,0.0,0.0,0.0,0.3,0.3,0.6,0.1,0.4,0.0,0.0,0.1,0.4,0.0,0.0,-1.0,0.5,0,0,0.7,132,93,138,5,143,143,143,143,115,119,115,139,139,139,109,142,139,136,131,137,122,113,141,143,143,82,143,35,1,143,2
1630136,Megan Walker,Megan,1611661313,NYL,22.0,18,2,16,0.111,11.4,1.4,4.3,0.321,0.3,2.4,0.14,0.2,0.3,0.6,0.6,0.9,1.5,0.3,0.4,0.2,0.0,0.4,0.8,0.4,3.3,-7.1,5.9,0,0,5.9,86,124,10,134,116,108,99,128,91,54,110,133,134,122,76,123,115,124,136,126,122,53,131,132,117,137,125,35,1,126,1
1628920,Mercedes Russell,Mercedes,1611661328,SEA,25.0,22,18,4,0.818,13.8,1.5,3.5,0.41,0.0,0.0,0.0,0.6,1.1,0.56,0.7,2.5,3.2,0.6,0.7,0.4,0.4,0.2,1.0,0.8,3.5,3.7,9.7,0,0,8.8,1,1,107,9,104,105,110,93,115,128,115,101,85,129,63,59,58,113,106,108,44,93,123,100,111,24,105,35,1,105,1
1630114,Mikiah Herbert Harrigan,Mikiah,1611661324,MIN,22.0,21,13,8,0.619,11.2,1.4,3.9,0.366,0.7,1.6,0.424,0.2,0.3,0.714,0.7,1.6,2.3,0.3,0.7,0.4,0.4,0.3,1.0,0.4,3.8,1.8,8.7,0,0,8.7,50,29,69,47,117,106,103,110,70,82,22,128,129,98,71,93,89,124,109,107,34,83,116,130,108,45,108,35,1,107,1
1628881,Monique Billings,Monique,1611661330,ATL,25.0,22,7,15,0.318,27.1,3.1,7.7,0.4,0.0,0.0,0.0,2.3,3.0,0.761,2.6,5.9,8.5,1.2,1.9,1.1,0.8,0.5,2.8,3.9,8.5,-3.5,24.4,4,0,22.0,1,82,16,107,35,58,50,101,115,128,115,35,32,82,5,12,8,83,38,38,17,29,15,14,58,114,38,11,1,43,1
1627670,Morgan Tuck,Morgan,1611661328,SEA,27.0,10,9,1,0.9,8.8,0.5,1.6,0.313,0.2,0.9,0.222,0.5,0.8,0.625,0.2,0.4,0.6,0.2,0.6,0.5,0.0,0.1,1.2,0.6,1.7,-0.1,3.6,0,0,3.7,125,60,138,4,128,135,134,129,103,100,103,108,105,119,120,138,138,132,118,93,122,123,107,115,133,69,137,35,1,138,1
1627669,Moriah Jefferson,Moriah,1611661321,DAL,27.0,9,3,6,0.333,16.7,2.0,4.8,0.419,0.2,0.7,0.333,0.8,1.3,0.583,0.9,2.2,3.1,2.1,1.7,0.8,0.2,0.1,1.9,1.0,5.0,-6.9,13.2,0,0,12.4,129,118,89,101,89,88,89,86,101,105,62,89,71,125,51,64,59,54,51,59,75,120,69,87,93,135,77,35,1,79,1
1628899,Myisha Hines-Allen,Myisha,1611661322,WAS,26.0,22,9,13,0.409,29.9,6.8,13.4,0.51,1.2,2.8,0.426,2.2,2.6,0.828,1.6,7.3,8.9,2.6,2.2,1.5,0.2,0.6,2.9,3.3,17.0,2.2,34.4,10,0,33.0,1,60,30,89,22,4,11,23,30,44,21,40,40,57,18,3,6,36,28,18,71,16,14,25,12,41,9,1,1,9,1
1629483,Napheesa Collier,Napheesa,1611661324,MIN,24.0,22,14,8,0.636,34.2,6.2,11.8,0.523,0.9,2.2,0.408,2.9,3.5,0.829,2.8,6.3,9.0,3.3,2.7,1.8,1.3,0.8,2.7,3.8,16.1,4.9,38.6,7,0,35.6,1,21,69,43,1,12,21,17,46,62,26,23,21,55,4,9,4,24,11,3,7,7,19,15,15,16,3,4,1,4,1
203831,Natalie Achonwa,Natalie,1611661325,IND,28.0,18,4,14,0.222,20.2,3.2,6.4,0.496,0.0,0.6,0.0,1.4,1.8,0.813,1.4,4.1,5.5,1.7,1.8,0.5,0.6,0.6,2.6,2.0,7.8,-6.2,18.5,0,0,17.2,86,112,21,126,69,55,62,30,115,110,115,53,51,64,27,25,25,64,41,93,25,19,28,53,61,131,60,35,1,61,1
203827,Natasha Howard,Natasha,1611661328,SEA,29.0,22,18,4,0.818,21.0,4.0,7.5,0.53,0.3,0.9,0.35,1.3,1.6,0.778,2.4,4.7,7.1,1.0,2.1,1.7,0.6,0.3,3.0,1.4,9.5,7.4,24.5,3,0,22.6,1,1,107,9,66,42,55,15,93,98,50,59,58,77,8,17,17,92,29,5,23,70,7,70,52,6,36,17,1,39,1
1629567,Natisha Hiedeman,Natisha,1611661323,CON,24.0,22,10,12,0.455,18.6,2.0,5.8,0.354,1.0,2.9,0.359,1.0,1.4,0.7,0.4,1.5,1.9,1.9,1.1,0.4,0.0,0.4,2.0,1.0,6.1,-3.2,11.2,0,0,11.6,1,53,35,81,79,87,71,117,39,41,47,75,69,103,98,97,102,61,80,108,122,49,58,85,82,110,95,35,1,90,1
1628269,Nia Coffey,Nia,1611661317,PHO,26.0,15,7,8,0.467,15.3,1.1,2.5,0.421,0.5,1.4,0.333,0.1,0.4,0.167,0.3,2.1,2.5,0.8,0.5,0.3,0.3,0.0,2.0,0.9,2.7,0.2,8.4,0,0,7.7,105,82,69,80,94,121,122,84,84,90,62,138,125,138,102,69,79,105,125,113,52,136,55,94,125,64,114,35,1,116,1
203014,Nneka Ogwumike,Nneka,1611661320,LAS,30.0,18,14,4,0.778,26.2,5.3,9.3,0.569,0.5,1.0,0.5,2.3,2.7,0.837,1.2,3.7,4.8,1.7,1.6,1.1,0.2,0.5,2.3,3.2,13.3,3.7,23.8,0,0,22.8,86,21,107,24,41,24,36,8,82,96,7,37,39,48,33,31,31,64,56,40,85,29,39,28,30,26,42,35,1,38,1
203824,Odyssey Sims,Odyssey,1611661324,MIN,28.0,13,7,6,0.538,18.5,3.2,8.0,0.404,0.6,1.8,0.333,2.3,2.5,0.909,0.6,1.4,2.0,3.5,1.9,0.5,0.1,0.5,1.7,2.3,9.4,0.8,16.9,0,0,16.7,109,82,89,63,80,54,49,99,72,72,62,36,43,17,75,104,97,19,37,90,111,39,80,45,54,58,62,35,1,62,1
1629502,Paris Kea,Paris,1611661313,NYL,25.0,11,1,10,0.091,15.0,2.5,6.6,0.384,1.2,3.0,0.394,0.6,0.7,0.875,0.5,1.5,2.0,1.5,1.7,0.6,0.3,0.5,1.1,0.9,6.9,-6.6,12.5,0,0,13.4,123,134,51,140,97,75,59,104,30,38,32,101,106,28,90,97,97,73,45,78,62,42,112,95,69,133,85,35,1,75,1
1627671,Rachel Banham,Rachel,1611661324,MIN,27.0,20,12,8,0.6,16.9,2.4,5.2,0.462,1.3,2.7,0.472,0.8,1.0,0.8,0.1,1.2,1.3,2.4,1.0,0.5,0.1,0.4,2.0,1.0,6.9,2.4,12.5,1,0,12.8,66,35,69,50,88,79,82,52,27,49,11,85,93,69,132,113,121,48,81,100,99,52,55,93,70,39,84,26,1,78,1
204334,Reshanda Gray,Reshanda,1611661320,LAS,28.0,10,6,4,0.6,6.3,0.4,1.1,0.364,0.0,0.0,0.0,0.6,0.7,0.857,0.6,2.2,2.8,0.3,1.0,0.1,0.4,0.3,1.0,0.5,1.4,1.3,5.7,0,0,5.5,125,93,107,50,136,138,140,111,115,128,115,104,107,39,78,67,69,128,81,132,39,79,116,125,138,55,129,35,1,129,1
203029,Riquna Williams,Riquna,1611661320,LAS,31.0,21,14,7,0.667,21.1,3.9,8.9,0.435,2.0,4.9,0.422,0.8,0.9,0.889,0.1,1.7,1.8,1.5,0.9,1.1,0.3,0.1,2.0,1.1,10.5,-0.1,18.4,0,0,18.8,50,21,81,36,64,46,40,70,9,12,23,92,102,23,128,91,105,72,94,32,52,125,61,81,46,67,61,35,1,57,1
1630113,Ruthy Hebard,Ruthy,1611661329,CHI,23.0,22,12,10,0.545,14.6,2.6,3.9,0.682,0.0,0.0,0.0,0.4,0.5,0.75,0.8,3.1,3.9,0.3,0.7,0.5,0.4,0.2,1.6,0.8,5.7,1.4,12.6,1,0,11.5,1,35,51,58,98,68,104,1,115,128,115,116,115,83,54,41,43,126,112,99,44,104,84,100,87,53,82,26,1,92,1
1629477,Sabrina Ionescu,Sabrina,1611661313,NYL,23.0,3,0,3,0.0,26.6,6.3,14.0,0.452,2.3,6.7,0.35,3.3,3.3,1.0,0.7,4.0,4.7,4.0,4.3,0.7,0.0,0.0,1.3,4.3,18.3,-8.7,27.6,0,0,30.7,140,145,130,145,38,10,7,56,3,2,50,16,25,1,71,28,33,13,1,72,122,136,101,9,6,145,22,35,1,13,1
1628244,Sami Whitcomb,Sami,1611661328,SEA,32.0,22,18,4,0.818,16.5,2.8,6.4,0.443,1.5,3.8,0.381,1.0,1.0,1.0,0.2,2.1,2.3,2.0,1.0,0.7,0.1,0.2,1.4,1.0,8.1,3.9,15.4,0,0,15.5,1,1,107,9,90,61,64,65,22,26,38,73,93,1,122,70,90,56,81,63,90,93,98,91,59,22,69,35,1,65,1
1630149,Satou Sabally,Satou,1611661321,DAL,23.0,16,5,11,0.313,28.2,4.2,11.4,0.368,0.8,4.1,0.197,4.7,5.4,0.872,2.6,5.2,7.8,2.5,2.2,0.8,0.9,0.8,3.1,4.6,13.9,-3.6,29.8,5,0,28.3,101,105,42,112,28,38,27,109,59,22,105,5,6,35,7,16,12,38,27,58,14,11,4,4,27,115,15,7,1,16,1
200671,Seimone Augustus,Seimone,1611661320,LAS,37.0,21,15,6,0.714,15.8,2.6,5.2,0.491,0.6,1.0,0.545,0.2,0.3,0.667,0.1,1.6,1.8,1.2,0.4,0.6,0.1,0.0,1.0,0.3,5.9,2.8,11.4,0,0,10.8,50,18,89,27,92,72,81,34,75,95,5,131,132,109,128,93,108,85,137,88,102,136,125,135,83,34,94,35,1,95,1
1628278,Shatori Walker-Kimbrough,Shatori,1611661317,PHO,26.0,21,12,9,0.571,19.0,2.6,6.0,0.429,1.0,2.4,0.431,1.1,1.2,0.92,0.3,1.3,1.6,1.5,1.0,1.1,0.4,0.4,1.1,1.4,7.3,1.8,14.9,0,0,14.4,50,35,61,56,76,72,69,74,38,52,20,68,82,12,109,106,114,70,81,37,42,56,109,69,65,46,71,35,1,71,1
203015,Shekinna Stricklen,Shekinna,1611661330,ATL,30.0,22,7,15,0.318,21.7,2.1,6.3,0.341,1.5,4.5,0.333,0.4,0.4,1.0,0.2,1.7,1.9,0.6,0.7,0.3,0.0,0.3,2.0,0.4,6.1,-3.7,9.8,0,0,10.9,1,82,16,107,62,86,65,125,19,17,62,120,126,1,122,87,102,110,112,118,120,70,58,131,79,116,103,35,1,93,1
203018,Shenise Johnson,Shenise,1611661324,MIN,30.0,17,11,6,0.647,12.5,1.6,4.8,0.341,0.4,1.0,0.353,1.5,1.6,0.893,0.6,1.4,1.9,1.2,1.2,0.9,0.1,0.3,1.1,1.5,5.1,-1.6,11.1,0,0,10.6,94,46,89,40,111,100,88,124,89,96,48,51,57,22,79,105,100,82,71,44,115,81,115,66,91,93,96,35,1,96,1
203035,Shey Peddy,Shey,1611661317,PHO,32.0,17,9,8,0.529,15.1,1.1,3.7,0.302,0.2,2.0,0.118,1.3,1.3,1.0,0.5,1.5,2.1,1.8,0.9,1.1,0.1,0.2,1.3,1.2,3.8,-0.6,11.5,0,0,10.2,94,60,69,66,96,118,108,132,97,68,111,57,76,1,81,100,96,63,96,35,115,91,104,76,107,77,92,35,1,99,2
203400,Skylar Diggins,Skylar,1611661317,PHO,30.0,22,13,9,0.591,30.7,5.8,12.2,0.474,2.1,5.3,0.397,4.1,4.5,0.9,0.5,2.8,3.3,4.2,3.2,0.9,0.5,0.5,2.3,3.7,17.7,-1.9,29.1,0,0,30.2,1,29,61,52,14,17,16,42,6,7,29,9,10,18,84,47,54,12,3,47,27,29,40,18,8,101,17,35,1,14,1
1629482,Sophie Cunningham,Sophie,1611661317,PHO,24.0,21,12,9,0.571,18.8,1.7,4.3,0.385,0.6,2.4,0.235,1.0,1.2,0.88,0.4,0.6,1.0,0.8,0.7,0.5,0.1,0.3,2.2,1.0,5.0,3.7,8.6,0,0,8.7,50,35,61,56,78,98,99,103,75,52,96,71,82,27,93,133,130,107,109,91,87,83,47,84,96,26,111,35,1,107,1
203828,Stefanie Dolson,Stefanie,1611661329,CHI,29.0,15,8,7,0.533,18.2,2.3,4.7,0.493,0.8,2.1,0.375,0.9,1.3,0.737,0.7,2.7,3.5,1.7,1.0,0.4,0.9,0.1,3.2,1.1,6.4,1.6,15.9,0,0,14.9,105,71,81,65,82,80,90,32,60,65,39,76,78,89,62,49,51,66,81,103,15,133,2,82,77,49,67,35,1,69,1
1630118,Stella Johnson,Stella,1611661322,WAS,22.0,9,3,6,0.333,11.1,1.8,3.8,0.471,1.0,1.6,0.643,0.6,0.6,1.0,0.4,0.9,1.3,1.3,0.4,0.7,0.2,0.0,1.2,0.9,5.1,-0.3,10.9,0,0,10.6,129,118,89,101,118,94,107,46,40,83,3,107,114,1,92,123,118,80,129,72,75,136,106,97,92,71,97,35,1,97,2
1628906,Stephanie Mavunga,Stephanie,1611661329,CHI,26.0,10,2,8,0.2,9.5,1.3,2.9,0.448,0.0,0.5,0.0,0.9,1.1,0.818,1.0,2.3,3.3,0.5,1.1,0.1,0.2,0.2,1.1,0.9,3.5,-2.4,8.0,0,0,7.9,125,124,69,129,123,111,118,61,115,113,115,79,88,62,42,63,55,117,78,132,77,99,111,96,113,105,115,35,1,114,2
100720,Sue Bird,Sue,1611661328,SEA,40.0,11,10,1,0.909,23.4,3.7,7.5,0.494,2.1,4.5,0.469,0.3,0.4,0.75,0.1,1.6,1.7,5.2,1.6,0.6,0.2,0.1,0.8,0.5,9.8,11.7,20.5,0,0,20.5,123,53,138,3,56,48,54,31,6,18,14,125,126,83,134,92,111,6,52,78,81,126,132,120,51,2,53,35,1,52,1
1630134,Sug Sutton,Sug,1611661322,WAS,22.0,12,6,6,0.5,9.4,1.0,2.8,0.364,0.4,1.4,0.294,0.4,0.6,0.714,0.0,0.8,0.8,1.0,0.5,0.1,0.0,0.3,0.9,0.7,2.8,-1.8,5.0,0,0,5.2,119,93,89,67,124,124,120,111,86,89,81,114,113,98,139,130,137,92,123,135,122,63,128,110,122,99,132,35,1,130,1
203411,Sugar Rodgers,Sugar,1611661319,LVA,31.0,22,18,4,0.818,12.0,1.2,3.7,0.321,0.9,2.9,0.313,0.1,0.2,0.75,0.1,1.1,1.3,1.4,0.7,0.3,0.1,0.2,1.1,0.2,3.4,2.7,7.7,0,0,7.9,1,1,107,9,113,116,109,127,46,41,76,135,138,83,130,114,120,74,106,118,90,104,110,139,114,35,117,35,1,112,1
202641,Sydney Colson,Sydney,1611661329,CHI,31.0,17,8,9,0.471,6.5,0.5,1.2,0.429,0.2,0.5,0.333,0.4,0.5,0.875,0.1,0.4,0.4,0.8,0.8,0.4,0.0,0.1,0.8,0.5,1.6,-2.2,3.6,0,0,3.8,94,71,61,79,135,134,139,74,104,112,62,115,120,28,138,140,141,104,100,110,122,134,134,123,134,104,138,35,1,137,1
1628282,Sydney Wiese,Sydney,1611661320,LAS,26.0,19,14,5,0.737,19.1,2.5,4.9,0.505,1.3,2.8,0.472,0.6,0.6,0.917,0.3,1.5,1.7,1.2,1.2,0.6,0.1,0.2,0.9,0.8,6.8,2.0,11.6,0,0,12.4,78,21,101,25,75,76,86,24,26,43,11,106,111,14,114,103,109,87,73,87,96,111,129,99,72,44,91,35,1,80,1
201480,Sylvia Fowles,Sylvia,1611661324,MIN,35.0,7,5,2,0.714,24.1,5.6,9.1,0.609,0.0,0.0,0.0,3.4,4.1,0.828,3.0,6.7,9.7,0.9,1.1,0.9,1.1,0.6,2.6,2.9,14.6,5.3,32.4,4,0,29.1,132,105,135,27,55,19,38,3,115,128,115,15,13,57,2,7,2,101,75,52,11,20,27,33,24,14,12,11,1,15,1
1630099,Te'a Cooper,Te'a,1611661320,LAS,24.0,20,14,6,0.7,17.2,2.6,5.7,0.451,0.6,1.6,0.344,1.3,1.7,0.765,0.1,0.9,1.0,2.0,1.5,0.7,0.0,0.3,2.0,2.8,7.0,1.5,11.7,0,0,11.8,66,21,89,30,87,74,77,57,79,80,56,56,55,81,132,121,131,56,59,74,122,79,62,35,68,50,90,35,1,87,1
1629479,Teaira McCowan,Teaira,1611661325,IND,24.0,22,6,16,0.273,20.9,4.1,7.6,0.536,0.0,0.1,0.0,2.7,3.6,0.75,3.1,4.2,7.3,0.6,2.0,0.3,1.0,0.6,2.6,3.5,10.9,-3.2,22.6,5,0,21.5,1,93,10,120,67,39,53,13,115,120,115,28,18,83,1,23,14,110,36,118,12,16,21,21,43,110,45,7,1,45,1
203849,Theresa Plaisance,Theresa,1611661323,CON,29.0,13,4,9,0.308,7.0,0.8,2.2,0.379,0.4,1.3,0.294,0.4,0.5,0.833,0.2,0.8,1.0,0.1,0.2,0.4,0.2,0.1,1.5,0.5,2.5,-3.2,5.5,0,0,5.2,109,112,61,114,133,129,130,106,88,92,81,117,121,49,127,126,131,139,141,106,70,129,88,121,129,112,131,35,1,131,1
203403,Tianna Hawkins,Tianna,1611661322,WAS,30.0,17,5,12,0.294,19.3,3.1,7.6,0.408,1.0,3.4,0.298,1.3,1.5,0.846,0.7,2.8,3.5,1.0,1.2,0.8,0.4,0.3,2.6,1.5,8.5,-5.3,16.6,1,0,16.4,94,105,35,118,74,56,52,96,40,30,80,57,60,46,68,46,49,92,71,56,50,81,25,66,57,128,65,26,1,64,1
203437,Tierra Ruffin-Pratt,Tierra,1611661320,LAS,30.0,17,12,5,0.706,14.5,0.7,2.6,0.267,0.4,0.8,0.462,1.1,1.5,0.731,0.5,1.6,2.1,0.9,0.5,0.6,0.2,0.1,1.6,1.2,2.9,0.7,8.7,0,0,7.9,94,35,101,29,100,131,121,138,89,104,16,65,60,94,81,95,95,100,122,76,84,118,83,76,120,60,109,35,1,115,1
1627676,Tiffany Mitchell,Tiffany,1611661325,IND,26.0,19,5,14,0.263,26.4,3.9,11.3,0.346,0.9,3.8,0.233,4.1,4.3,0.951,0.8,2.6,3.4,2.6,2.4,0.6,0.1,0.5,2.6,3.9,12.7,-3.7,20.6,0,0,21.1,78,105,21,125,39,44,28,121,51,25,99,10,11,8,57,51,52,37,22,84,96,27,26,13,35,117,52,35,1,48,1
1630112,Tyasha Harris,Tyasha,1611661321,DAL,23.0,21,7,14,0.333,19.6,2.6,6.0,0.433,0.9,2.7,0.339,0.7,1.0,0.636,0.0,1.2,1.2,2.8,0.9,0.9,0.1,0.2,1.7,1.0,6.8,-2.7,14.6,0,0,13.7,50,82,21,101,73,69,67,72,50,48,60,97,91,118,139,112,122,32,98,52,87,103,79,92,73,109,72,35,1,73,1
1628927,Victoria Vivians,Victoria,1611661325,IND,26.0,6,3,3,0.5,14.2,1.7,4.8,0.345,0.3,1.8,0.182,1.2,1.3,0.875,0.3,2.0,2.3,0.5,1.0,0.2,0.0,0.3,2.5,1.0,4.8,0.5,7.9,0,0,8.3,135,118,130,67,102,98,87,122,91,73,106,63,71,28,102,74,86,117,81,128,122,63,32,87,98,63,116,35,1,111,1
